0,1
arisan,736
bayar,520
gaji,464
uang,343
thr,312
fee,262
cicilan,238
mei,230
kos,215
jajan,213
2022,195
belanja,194
dan,194
ongkir,182
infaq,168
nabung,165
rumah,163
utang,158
22,149
maret,146
cod,145
juni,142
tabungan,142
2,141
april,138
cell,136
kue,134
paket,131
laundry,130
angsuran,129
ayam,128
byr,127
mobil,127
order,123
n,121
feb,117
sedekah,115
donasi,115
wifi,113
1,111
kontrakan,108
hutang,104
kost,100
pulsa,97
honor,95
zakat,93
beras,93
3,92
jumat,92
jan,92
dp,91
ke,90
kasbon,89
wakaf,79
kaos,78
motor,76
an,75
bukber,75
hp,75
toko,71
listrik,71
kpr,69
galon,67
obat,64
komisi,64
bonus,64
pinjaman,63
nasi,62
bu,61
buat,60
qurban,59
bulan,57
kurma,57
pinjam,56
ipl,52
bensin,52
januari,50
netflix,50
berkah,49
snack,47
4,47
sisa,46
tagihan,45
beli,44
yatim,43
sewa,43
iuran,43
bln,42
kur,42
hampers,42
shopee,41
5,41
cicil,41
kopi,40
parfum,39
kuota,39
mama,39
pelunasan,39
ganti,38
februari,38
dari,36
kosan,36
bpjs,36
hamba,36
allah,36
7,35
apr,35
reimburse,35
daging,33
6,33
pajak,32
foto,32
pak,32
box,32
rmh,31
banner,31
pembayaran,31
servis,30
dr,30
spp,30
cc,30
sabun,29
ban,29
gajian,29
laptop,28
utk,28
lunas,28
coklat,28
food,28
ibu,27
telur,27
infak,26
apotek,26
10,26
jun,25
sprei,25
emas,25
tf,25
bri,24
air,24
takziah,24
donat,24
kain,23
anak,23
kurban,23
mar,23
bulanan,22
ms,22
dll,22
ruko,21
kacang,21
rt,21
buku,21
glow,21
mart,21
nyicil,21
m,20
mas,20
netlife,20
tgl,19
untuk,19
reward,19
ayu,19
tabung,18
kebab,18
lebaran,18
mba,18
gula,18
kacamata,18
invest,18
baso,17
no,17
12,17
lazada,17
toefl,17
21,17
makam,17
pisang,16
juli,16
8,16
service,16
sembako,16
mb,16
kredit,16
aqua,15
kentang,15
15,15
des,15
waqaf,15
bantuan,15
20,15
bolu,15
jahit,15
nastar,15
villa,15
30,14
bawang,14
ngaji,14
ac,14
feb22,14
aki,14
masjid,14
may,14
nur,14
nonton,14
desember,14
putri,14
pijat,14
duit,13
refund,13
tambahan,13
seminar,13
cream,13
al,13
webinar,13
9,13
buket,12
dewi,12
frozen,12
25,12
up,12
tab,12
a,12
lampu,12
subuh,12
fitrah,12
herbal,12
gigi,12
11,12
50,11
r,11
nasgor,11
dana,11
rokok,11
pemb,11
angs,11
quran,11
p,11
blanja,11
tukin,11
es,11
kg,11
les,11
umi,11
beasiswa,11
kredivo,11
b,11
mal,11
s,11
olshop,11
jne,11
titip,11
oriflame,10
ramadhan,10
u,10
kaki,10
sepeda,10
paylater,10
gas,10
soto,10
bubur,10
jnt,10
pesanan,10
data,10
mete,10
jan22,10
londri,10
h,10
reseller,10
ana,10
etoll,9
ayah,9
cuci,9
kamar,9
modal,9
byar,9
sayur,9
mainan,9
by,9
16,9
phone,9
bekel,9
adi,9
kas,9
hijab,9
salon,9
serum,9
k,9
makan,9
kebuli,9
baju,9
kirim,9
mbak,9
ajaib,9
brownis,9
cash,9
fitri,9
penghasilan,9
ya,9
sd,8
sm,8
bapak,8
sajadah,8
tekwan,8
sama,8
teh,8
ika,8
cashbon,8
bismillah,8
bola,8
cilok,8
hari,8
krim,8
bakar,8
tiket,8
dian,8
14,8
transfer,8
lia,8
guru,8
pa,8
agus,8
astro,8
pdam,8
tas,8
kekurangan,8
i,8
apr22,8
make,8
biaya,8
atk,8
ekor,8
eko,8
bahan,8
sticker,8
risma,7
18,7
sapi,7
get,7
talangan,7
y,7
spaylater,7
dwi,7
helm,7
org,7
gorden,7
via,7
hani,7
asih,7
cv,7
sri,7
btn,7
isi,7
nisa,7
irma,7
sampah,7
2x,7
13,7
haji,7
paketcenter,7
dini,7
el,7
annisa,7
tim,7
farma,7
e,7
investasi,7
28,7
ayang,7
pcs,7
garasi,7
des21,7
klinik,7
pijet,7
mie,7
plus,7
parkir,7
minjem,7
intan,7
kotak,7
nugget,6
d,6
nadia,6
papa,6
bpk,6
kering,6
nikah,6
aa,6
angsur,6
ongkos,6
cetak,6
pack,6
apt,6
handuk,6
bunga,6
yusuf,6
ari,6
pln,6
abi,6
cimory,6
wahyu,6
setor,6
imam,6
pasar,6
santunan,6
pentol,6
kuning,6
dn,6
bni,6
kel,6
pengganti,6
pt,6
oli,6
admin,6
faiz,6
lion,6
mingguan,6
mei22,6
warung,6
narsum,6
sepatu,6
bandeng,6
iphone,6
workshop,6
nyaur,6
kerupuk,6
1kg,6
renov,6
tutor,6
kaka,6
icha,6
sabtu,6
indihome,6
c,6
deposit,6
rizky,5
ultimate,5
bp,5
lele,5
kulit,5
tika,5
ops,5
dropship,5
rika,5
tk,5
tasya,5
agung,5
w,5
andi,5
a3,5
shodaqoh,5
gojek,5
alquran,5
ani,5
piutang,5
periode,5
lagi,5
jahitan,5
ummi,5
gamis,5
diah,5
burger,5
ria,5
rani,5
merah,5
agen,5
dkk,5
ratu,5
adek,5
ade,5
set,5
zis,5
bsi,5
kedua,5
ultah,5
joko,5
lan,5
sorong,5
bayu,5
toll,5
kartu,5
menabung,5
internet,5
vivi,5
hana,5
mm,5
evi,5
yulia,5
rahma,5
31,5
hokben,5
ica,5
jasa,5
santri,5
kk,5
bon,5
19,5
eka,5
17,5
transportasi,5
fadli,5
panti,5
2021,5
yunita,5
bbm,5
popok,5
ida,5
solar,5
trf,5
kak,5
baru,5
minyak,5
devi,5
tali,5
nina,5
stnk,5
setoran,5
simpanan,5
barang,4
ust,4
2bln,4
ini,4
beat,4
kurang,4
tanah,4
kostan,4
mam,4
nana,4
bunda,4
ke4,4
hut,4
indri,4
jaga,4
keluarga,4
ghina,4
aisyah,4
ajwa,4
kutus,4
mcu,4
ratna,4
susi,4
awal,4
mamak,4
kios,4
material,4
akbar,4
titipan,4
rizki,4
dyah,4
dimas,4
reksadana,4
mci,4
pembelian,4
kembalian,4
triplek,4
bang,4
sumur,4
terakhir,4
nanacell,4
eva,4
tia,4
26,4
driver,4
rizal,4
24,4
balikin,4
tji,4
ina,4
ib,4
citra,4
patungan,4
privat,4
500,4
saldo,4
alm,4
satria,4
umroh,4
pipit,4
aci,4
duta,4
202,4
vario,4
blok,4
indah,4
retno,4
egi,4
indomaret,4
facial,4
mentor,4
simpan,4
kfc,4
bca,4
niken,4
yudi,4
nitip,4
legging,4
ro,4
wa,4
hr,4
dimsum,4
pagi,4
dus,4
rs,4
aditya,4
ka,4
id,4
afifah,4
top,4
cctv,4
maal,4
bibit,4
indra,4
100,4
amira,4
mobilio,4
asti,4
coffee,4
dfee,4
nielsen,4
bpjstk,4
mega,4
talang,4
lisa,4
ita,4
goreng,4
nurul,4
juni22,4
sarah,4
ke7,4
tarik,4
queen,4
sari,4
nya,4
senin,4
pkt,4
ccln,4
zulfa,4
tahu,4
1a,4
tri,4
jihan,4
di,4
topup,4
rental,4
susu,4
makaroni,4
habibcell,4
tiara,4
ilham,4
kelas,3
arif,3
yang,3
alumni,3
lg,3
pendidikan,3
wahana,3
200,3
pempek,3
uni,3
wawan,3
hs,3
nida,3
bi,3
guide,3
nabila,3
april22,3
cleo,3
palestina,3
ma,3
cahaya,3
nenek,3
yuni,3
daster,3
fasil,3
uduk,3
tirto,3
indo,3
toped,3
rara,3
arin,3
botol,3
buka,3
puasa,3
masker,3
anis,3
malam,3
nov,3
day,3
kayla,3
mmh,3
finku,3
dinda,3
saham,3
bagi,3
wd,3
dela,3
iffah,3
pbktl,3
kursus,3
satpam,3
03,3
buah,3
studio,3
domba,3
della,3
malik,3
smg,3
angsrn,3
aris,3
lm,3
reg,3
kambing,3
tanaman,3
tahfidz,3
dufan,3
bestie,3
mengaji,3
sehat,3
mirna,3
amanah,3
unuy,3
aulia,3
zakatmal,3
berbagi,3
kiki,3
rio,3
mamah,3
pin,3
kitab,3
kurnia,3
kelebihan,3
prima,3
02,3
syifa,3
firman,3
kasur,3
faqih,3
pembangunan,3
mahad,3
5kg,3
27,3
smt,3
salma,3
p2,3
zoom,3
3bln,3
tukar,3
ap,3
adakami,3
dakwah,3
eli,3
sebagian,3
kntrkn,3
yl,3
budi,3
bank,3
desy,3
madu,3
adinda,3
hamzah,3
irfan,3
warga,3
okt,3
mukena,3
jaya,3
shubuh,3
uti,3
dede,3
amel,3
davidcell,3
om,3
linda,3
kurangan,3
keamanan,3
permata,3
galuh,3
kmr,3
kav,3
ii,3
ccl,3
pby,3
istri,3
per,3
ami,3
potong,3
ilyas,3
maryam,3
ridwan,3
wafa,3
edy,3
sinta,3
berbuka,3
kajian,3
dika,3
selasa,3
alat,3
cat,3
ratih,3
sc,3
300,3
ira,3
ny,3
pad,3
ortu,3
mertua,3
loan,3
konsumsi,3
adit,3
ke1,3
44,3
ramen,3
sma,3
ta,3
widi,3
maya,3
syamil,3
mtr,3
herbalife,3
3x,3
mami,3
mang,3
novita,3
tuku,3
yt,3
kipas,3
syakira,3
ikan,3
anggi,3
jam,3
samsung,3
yuli,3
mira,3
a1,3
rutin,3
bandung,3
zaid,3
ifthar,3
mt,3
orang,3
kta,3
th,3
sby,3
jt,3
anto,3
pasang,3
bella,3
takjil,3
7x,3
nita,3
b1,3
lembur,3
iin,3
ar,3
is,3
tnh,3
bks,3
super,3
transport,3
zahra,3
dita,3
ali,3
ke2,3
l,3
yeni,3
dd,3
dhuafa,3
endang,3
suci,3
rosita,3
pp,3
sate,3
kaku,3
nora,3
nadya,3
iqbal,3
x,3
maret22,3
endah,3
fauziah,3
2kg,3
pot,3
akhir,3
nyarutang,3
1jt,3
hanifa,3
jafar,2
bumbu,2
astri,2
rq,2
17jun,2
wkf,2
yg,2
album,2
ruko7,2
laras,2
mutiara,2
sap,2
marketing,2
aufar,2
ratri,2
rudi,2
sebulan,2
bia,2
iz,2
anna,2
papah,2
kamis,2
yaa,2
unt,2
proyek,2
natura,2
kepala,2
sahara,2
daful,2
thrift,2
operasional,2
jalan,2
deliv,2
ramadan,2
mbk,2
alpukat,2
feb2022,2
mrt,2
azis,2
kprbtn,2
bogor,2
bkr,2
tmbhn,2
bmt,2
tiwi,2
kuliah,2
tahsin,2
oma,2
tentor,2
stik,2
selleri,2
perawatan,2
wawa,2
nasya,2
uda,2
sertifikat,2
aji,2
adhi,2
11a,2
pkk,2
terima,2
liburan,2
clara,2
parcel,2
komite,2
3b,2
lembang,2
ifthor,2
arum,2
tghn,2
tol,2
sw,2
andri,2
una,2
uj,2
pi,2
sausan,2
cair,2
1502,2
ovo,2
pendaftaran,2
jjn,2
pizza,2
semanding,2
realme,2
hasil,2
salima,2
bocor,2
suksescell,2
promo,2
celluler,2
heni,2
ujian,2
34,2
pecah,2
lentera,2
mbah,2
siska,2
star,2
sifa,2
vita,2
nova,2
waris,2
spd,2
b21,2
2hr,2
pebruari,2
haidar,2
koperasi,2
mirza,2
shofa,2
mentari,2
dek,2
winda,2
desain,2
novi,2
gun,2
z,2
reuni,2
niar,2
hsbc,2
fika,2
23,2
tiktok,2
pipa,2
patra,2
kop,2
pel,2
ongkosan,2
udin,2
proposal,2
raya,2
tpa,2
bku,2
rini,2
pam,2
ricepulsastichting,2
new,2
pengiriman,2
zen,2
yani,2
6b,2
hanna,2
amanda,2
diki,2
f,2
donny,2
rem,2
almond,2
habib,2
klik,2
yanti,2
yana,2
salman,2
fifah,2
rasya,2
dara,2
45,2
yayah,2
sab,2
min,2
nayla,2
sikat,2
vila,2
arfa,2
phl,2
kaf,2
kantor,2
jenius,2
alia,2
peb,2
ijo,2
nota,2
bee,2
odc,2
sumsum,2
khair,2
btr,2
ebi,2
resi,2
niko,2
rina,2
superindo,2
galungan,2
ima,2
fanny,2
tati,2
sg,2
sodaqoh,2
sabrina,2
apri,2
olin,2
syafa,2
fajar,2
hitam,2
yadi,2
rachma,2
fahmi,2
isoman,2
tata,2
sakura,2
token,2
puding,2
suasti,2
pesenan,2
sdkh,2
bos,2
0122,2
salsa,2
imron,2
kmrn,2
sainsqu,2
sahur,2
rw,2
zaki,2
bg,2
krupuk,2
booking,2
e6,2
ros,2
dina,2
baba,2
kurir,2
june,2
alvis,2
a4,2
jd,2
jas,2
wulan,2
rak,2
buk,2
acep,2
bb,2
maharani,2
gelas,2
dahlia,2
cookies,2
05,2
xenia,2
happy,2
kids,2
har,2
49cell,2
sumbangan,2
k10,2
ges,2
miss,2
subjek,2
bl,2
cancel,2
hotel,2
alifia,2
yufid,2
tv,2
neng,2
m6,2
alfath,2
gopay,2
65,2
daftar,2
ig,2
kb,2
alfa,2
km,2
pupr,2
ekskul,2
persepuluhan,2
ied,2
terapi,2
bram,2
deni,2
klaten,2
cake,2
tami,2
ghea,2
safina,2
oppo,2
sodakoh,2
cucu,2
creambath,2
rian,2
selvi,2
menang,2
bea,2
rasyid,2
kamal,2
bilqis,2
bis,2
part,2
ponpes,2
emak,2
jadi,2
iyos,2
bioskop,2
reni,2
mazaya,2
lc,2
wkwk,2
fatih,2
sms,2
si,2
jago,2
hany,2
aryati,2
semeru,2
azka,2
nanik,2
and,2
b4,2
drw,2
wiwin,2
nafeeza,2
widya,2
ppdb,2
farida,2
starla,2
skincare,2
bibi,2
azzam,2
32,2
at,2
op,2
dapur,2
rabu,2
dya,2
hanif4b,2
handi,2
shadaqah,2
jati,2
tono,2
jeni,2
kutus2,2
rita,2
bun,2
uas,2
tukang,2
eoa,2
go,2
ci,2
siti,2
c7,2
stanislaus,2
kostka,2
spinjam,2
roti,2
rinda,2
1443,2
yayuk,2
kirana,2
wincell,2
kabanjahe,2
tambah,2
int,2
kita,2
pls,2
no4,2
izzah,2
tyas,2
agustin,2
ayla,2
mengajar,2
aldila,2
sq,2
nh,2
alfamart,2
nabil,2
ilmi,2
gajih,2
pokok,2
caca,2
penyet,2
incaso,2
alfran,2
takaful,2
freelance,2
kre,2
yesi,2
m1,2
shake,2
kabel,2
amin,2
tambal,2
pindah,2
syarif,2
po,2
reimbursement,2
cendol,2
nsc,2
lemari,2
ori,2
taman,2
vina,2
habibi,2
or,2
dapet,2
kontrol,2
mar22,2
alif,2
pengamat,2
lapar,2
oboss,2
cam,2
return,2
namira,2
polos,2
f3,2
to,2
pertama,2
cellular,2
bedcover,2
muhammad,2
kuker,2
liwet,2
deposi,2
csbi,2
upah,2
arumi,2
kembali,2
tumpeng,2
porsi,2
lulu,2
rahmi,2
ata,2
sandra,2
panitia,2
umam,2
karpet,2
kamera,2
des2021,2
setiawan,2
tumbas,2
lstrk,2
xl,2
k2,2
wm,2
aren,2
maulana,2
teteh,2
drg,2
last,2
meranti,2
galih,2
pegawai,2
umm,2
survey,2
fitria,2
brownies,2
diva,2
lala,2
john,2
mobile,2
mitha,2
reimburs,2
ega,2
zaky,2
debi,2
pd,2
cinta,2
alihan,2
mekar,2
asma,2
gota,2
japa,2
ad,2
januari22,2
oasis,2
mall,2
abdul,2
um,2
komplek,2
bolde,2
amih,2
ibuk,2
orderan,2
cia,2
sekola,2
traveloka,2
ayi,2
anin,2
mingg,2
profesi,2
gopaylater,2
adlancells,2
jersey,2
meja,2
ayun,2
minggu,2
pnjm,2
wrg,2
tangga,2
gita,2
prapti,2
rainy,2
rab,2
sup,2
gawe,2
pax,2
hatta,2
processor,2
iftar,2
ob,2
yudha,2
raina,2
sus,2
mugiwara,2
jkt,2
wlg,2
wls,2
yuliana,2
asri,2
gacoan,2
save,2
tahap,2
abah,2
tc,2
ab,2
made,2
wedding,2
karton,2
petty,2
ns,2
mgg,2
keju,2
feb1,2
wisuda,2
nike,2
ervina,2
27k,2
ank,2
batu,2
nia,2
kc,2
mkn,2
pegangan,2
kamila,2
vios,2
buya,2
2pcs,2
febr,2
shaum,2
lokal,2
ivan,2
ysdat,2
lns,2
wo,2
kertas,2
yogi,2
mmcell,2
fariz,2
tape,2
herman,2
chamomile,2
sharefee,2
t,2
lita,2
gres,2
batagor,2
man,2
cek,2
pali,2
art,2
no5,2
8mm,2
ario,2
bekasi,2
kuis,2
fasya,2
support,2
urun,2
rifka,2
misi,2
ipb,2
keanu,2
cl,2
balikpapan,2
arsn,2
ponco,2
panca,2
hanif,2
cuti,2
lutfi,2
fenny,2
vaksin,2
arik,2
anugerah,2
family,2
kkn,2
rey,2
mak,2
pristine,2
bim,2
perbaikan,2
nurdin,2
transp,2
mandiri,2
abang,2
rizka,2
gelang,2
sultan,2
lunasan,2
fifi,2
doi,2
k3,2
harian,2
fiona,2
wisma,2
seblak,2
grup,2
rahman,2
kafalah,2
hao,2
hape,2
calya,2
itp,2
betut,2
shela,2
sekar,2
erna,2
hrv,2
enggar,2
mesin,2
agency,2
februar,2
senabung,2
ahmad,2
benerin,2
raja,2
m5,2
gnti,2
dani,2
cfhro,1
muse,1
12mar,1
sulawesi,1
yuyun,1
scarf,1
fsi,1
fenin,1
alfin,1
amarii,1
cokelat,1
montong,1
oyo,1
uthie,1
lanugo,1
dl,1
majun,1
ajung,1
on,1
bkl,1
png,1
ppa,1
jmt,1
pong,1
tobroni,1
lampung,1
sddekah,1
rewards,1
brian,1
paylatersurabaya,1
iyan,1
atw,1
arya,1
dafito,1
rudy,1
upa,1
sf,1
dsruput,1
cindy,1
sinora,1
balon,1
beasiswazis,1
indost,1
hafz,1
pabrik,1
khaulah,1
case,1
uppjbt3,1
vg,1
hafizah,1
tmbah,1
mundak,1
neh,1
mandor,1
meigi,1
oscar,1
pulsamygmoker23jun,1
cabe,1
tomat,1
melati,1
sumasni,1
b301,1
vinny,1
fizi,1
kaffa,1
voucher,1
padang,1
tamyiz,1
online,1
ludy,1
sahabat,1
mms,1
infaqurban,1
almira,1
rossa,1
bulan2,1
j07,1
aya,1
pupu,1
amirul,1
17mart,1
markus,1
jogja,1
jawara,1
minigoldwakafdi,1
amek,1
voice,1
over,1
komunikasi,1
gowes,1
tfdcell,1
khalia,1
kembaliin,1
ckw,1
20220426,1
riny,1
dzaki,1
just,1
bsm,1
ayomampir,1
deskjet,1
1010,1
k27,1
waty,1
102,1
uki,1
tsaga,1
strap,1
ellima,1
booth,1
zai,1
hanik,1
printilan,1
taam,1
3minggu,1
arisangaluhqurban,1
amarthya,1
bytam,1
baiq,1
samini,1
kathrin,1
augustini,1
tuti,1
92,1
abg,1
bionervee,1
ajeng,1
security,1
firdi,1
komar,1
danto,1
nonong,1
solar1400l,1
hrg8500,1
coc,1
pedialite,1
ayman,1
bbc,1
sadam,1
e3,1
daftarulang,1
pal,1
kemanusiaan,1
tisu,1
basah,1
jemputan,1
syabilla,1
multiyana,1
nikocicil,1
inang,1
md,1
agya,1
rskia,1
win,1
tart,1
isam,1
madun,1
booyoung,1
squad,1
rafa,1
rt06,1
ditradwi,1
perso,1
panahan,1
muluk,1
feu,1
smartfren,1
donasimasjidlondon,1
gajitkgb10galon,1
aluna,1
cicil5,1
bajuuuu,1
sabming,1
kewas,1
simpananku,1
pick,1
gaji3jt,1
ptg,1
bon800,1
robert,1
yola,1
iklas,1
uum,1
130422,1
breakshoot,1
rkb,1
ftv,1
mae,1
stein,1
wibowo,1
seckopi,1
setoranaro,1
arianto,1
bryandan,1
try,1
tama,1
heijab,1
npf,1
daffa,1
barber,1
saweran,1
bungkus,1
skprgncy,1
feee,1
460,1
430,1
indar,1
nimon,1
akulakubynsrbeauty,1
excell,1
rizqia,1
telpon,1
mitra,1
gawi,1
bayarutangdanumroh,1
rbi,1
privo,1
syahril,1
hb,1
diamond,1
marapr,1
indriyani,1
d24,1
wakaf2022030315128,1
dungdung,1
arisanas3,1
reimbust,1
pnf,1
g1,1
sekneg,1
teknik,1
antigores,1
salad,1
fgd,1
kmbaranq,1
gajiku,1
10ptng,1
uhud,1
komisiaff,1
per26jan,1
elbisey,1
team,1
panji,1
meidiyani,1
bagus,1
tokenlistrik,1
andika,1
nouva,1
syrup,1
bloke,1
7a,1
me,1
kmbalian,1
160,1
estu,1
utami,1
label,1
sarip,1
pidah,1
balado,1
cugg,1
suhendar,1
b53,1
activa,1
rifqoh,1
pnp,1
venaron,1
arnibpjs,1
retha,1
follower,1
nunung,1
sugianti,1
sank,1
harva,1
goress,1
3mobil,1
aldy,1
time,1
hammam,1
xipa5,1
kf,1
mboknda,1
mesi,1
rama,1
kavling14,1
aprilia,1
lozy,1
jamtos,1
beti,1
pitri,1
fbe,1
kominfo,1
51,1
semut,1
hnr150rb,1
opi,1
kakak,1
mulia,1
wedok,1
tanggal,1
trveloka,1
saraswati,1
ansi,1
underwear,1
kevan,1
marai,1
c31,1
travel,1
dq,1
khaycell,1
lt,1
seksi,1
aretta,1
legen,1
7487,1
arief,1
penggantian,1
mn,1
sanay,1
m4,1
tpq,1
pedas,1
ikastusi,1
menu,1
gajihan,1
bps,1
beben,1
az,1
fian,1
prakte,1
f6,1
faizelsiraj,1
rinan,1
ily,1
84,1
angsr,1
k6,1
bambangs,1
dg,1
rukka,1
kader,1
loe,1
iskar,1
salsabila,1
hati,1
kris,1
bimba,1
sisagajiteknisirss,1
prandi,1
eoagold,1
28mei2022,1
ruangkos,1
pakar,1
fendy,1
nurullah,1
tawi,1
yanuar,1
chica,1
natuna,1
split,1
dicky,1
302,1
iftitah,1
oci,1
doy,1
melvin,1
tety,1
bagas,1
hsil,1
nnk,1
arrk,1
sevira,1
yan,1
ariy,1
c19,1
sgp2,1
dinamo,1
nabungdanudunanuri,1
jeksi,1
thr1,1
annida,1
samosir,1
aptk,1
pharma,1
3juni,1
bcl,1
infakiftoralihsan,1
tth,1
total,1
kprluan,1
agam,1
irsyad,1
bayat,1
mur,1
std,1
cind,1
fadhil,1
bunkbed,1
pinjamn,1
ridho,1
nafisah,1
tangkai,1
ihbs,1
medika,1
psh,1
habiskan,1
sebar,1
wakafalquran,1
nabungharian,1
zuch,1
smait,1
kamar4,1
dangas,1
yusna,1
indi,1
c4no4,1
illa,1
harry,1
un,1
include,1
0139,1
radit,1
khanza,1
rona,1
nutrisi,1
kakap,1
myzdwildan,1
8sufyan,1
kredivobynurfitria,1
airfast,1
lusi,1
ucm,1
shopeepaylater,1
mella,1
ngruki,1
mlijo,1
asria,1
damay,1
paketan,1
dftr,1
ulang,1
loha,1
cleyra,1
comm,1
papap,1
amidis,1
embul,1
rapatbisnis,1
faraz,1
sonia,1
5d,1
td,1
msk,1
courtyardi7,1
idulfitri,1
desa,1
tarikan,1
2slot,1
tahfiz,1
vinsa,1
emir,1
meditya,1
e9,1
naskot,1
hilman,1
tambahin,1
1cup,1
amidi,1
kediri,1
pencairanspaylater,1
angkatan,1
ge,1
inggit,1
palupi,1
bye,1
magang,1
ambar,1
servise,1
ssi,1
vitamin,1
whyndi,1
pewangi,1
ijazah,1
uangmama1jt,1
hariz,1
tajwid,1
smstr,1
put,1
favehotel,1
karto,1
widodo,1
815060060,1
dinne,1
nurhadi,1
ane,1
lis,1
eduka,1
bgr2,1
bed,1
cover,1
mitron,1
ruby,1
angsuran11,1
melinda,1
paru,1
pupuk,1
mseric,1
even,1
grandmax,1
bhn,1
uaspato,1
06,1
pukis,1
lombok,1
sachio,1
rdp,1
feewedding,1
bolpis,1
a5,1
aik,1
squbic,1
jokosan,1
wardah,1
wfo,1
charity50,1
syam,1
alfiansyah,1
prediction,1
800,1
250,1
ker,1
inne,1
040622,1
plitur,1
sadi,1
anatasya,1
harun,1
nabilah,1
gepreki,1
ara,1
sedekahultahhella,1
ghozia,1
tputra,1
dyandra,1
daim,1
bk8997ek,1
kanvas,1
pmbayaran,1
sempro,1
driyo,1
ngutangin,1
infaqjjnibuqurban,1
pph,1
kend,1
suhard,1
otih,1
ang,1
lianto,1
sairi,1
ananda,1
fullprint,1
4bln,1
3kg,1
listik,1
bersama,1
yenk,1
kebersihan,1
fay,1
saputangan,1
26mart,1
abd,1
rozak,1
gab,1
hendraariwinantkpr,1
septa,1
ads,1
anri,1
bgn,1
musholla,1
crv,1
bungur,1
lathifah,1
71,1
satucerita,1
ladang,1
lima,1
ttp,1
elva,1
nining,1
rp,1
4000,1
aurora,1
cicilan2,1
saipol,1
nailah,1
shaffa,1
rasa,1
owne,1
kspm,1
talk,1
montessori,1
rspd,1
vit,1
gaes,1
gocar,1
alkindi,1
progransbs,1
junika,1
angger,1
imitasi,1
daycare,1
suntaeni,1
aliefianto,1
nandya,1
ati,1
ccan,1
sbs,1
kenji,1
1jan2022,1
joycell,1
mei2022,1
g6no,1
sen,1
keponakan,1
pasok,1
arman,1
vincent,1
kembal,1
safirah,1
ulya,1
ellmas,1
study,1
tour,1
keramik,1
awaliza,1
homeloan,1
srv,1
alhad,1
hypnobirthing,1
wisudanadhifa,1
danasyariah,1
fara,1
gomax,1
borma,1
jbr,1
buring,1
nggo,1
smu,1
tebar,1
1000,1
dpd,1
skr,1
lotre,1
3juta,1
lilis,1
puwkids,1
2minggu,1
169,1
krishna,1
c2,1
aski,1
custom,1
buy,1
yah,1
cvc,1
uk160,1
niaga,1
hc,1
umkm,1
nasacell,1
suhendri,1
yangti,1
40sak,1
soekesi,1
dahnia,1
rizqi,1
aaisya,1
iyud,1
v6,1
rollon,1
najibah,1
gofood,1
etc,1
ghumi,1
sanggar,1
liana,1
toha,1
dayak,1
4kostum,1
2mu,1
c515,1
wawanto,1
berl,1
adhst,1
listrikkk,1
inner,1
ayik,1
mcf,1
avoskin,1
ea,1
karet,1
ody,1
bsd,1
lpbm,1
50rb,1
ongks,1
plavon,1
borderless,1
spr,1
kdj,1
mamik,1
kutublughowiy,1
emi,1
hanifah,1
mutia,1
aaliya,1
gajistockbit,1
sov,1
besalni,1
cpd,1
arnesia,1
gntibeatmbhmcuamin,1
telkomsel,1
jun2022,1
nailatul,1
cordoba,1
putera,1
kam,1
faizul,1
loadcell,1
tunai,1
gaol,1
ketoprak,1
qb,1
af,1
rt10,1
buja,1
iid,1
malau,1
wondersalary,1
miko,1
chris,1
kosong,1
2bulan,1
bagong,1
500rb,1
giyatmi,1
parot,1
anadyanacell,1
purbalingga,1
sdn,1
simpangteri,1
palestin,1
pengajar,1
cfa,1
krisha,1
anteraja,1
tari,1
upk,1
dim,1
gumelar,1
nd,1
bujur,1
rusmarlena,1
cazmilk,1
desti,1
handscoon,1
maria,1
ulfa,1
in,1
sukses,1
edden,1
gear,1
ungaran2,1
design,1
amli,1
piring,1
highcircle,1
mf,1
rakjat,1
gajides21rapot10,1
bpii,1
ozi,1
fams,1
himmah,1
lbran,1
navv,1
bmart,1
im3,1
nobu,1
sponsor,1
ssa,1
qori,1
njep,1
febriyan,1
bwt,1
yun,1
pmm,1
tahfi,1
yunika,1
bondi,1
yuniar,1
faris,1
denso,1
dade,1
osk,1
man19jkt,1
hidayahcell,1
ydsf,1
elsa,1
singgih,1
dabebeaute,1
stick,1
fjb,1
svc,1
royal,1
rury,1
aat,1
koi,1
schoolfee,1
orzias,1
yank,1
jusni,1
pantomim,1
perbekalan,1
4kg,1
nsr,1
beauty,1
mustofa,1
tabunganku,1
sucat,1
rdn,1
xxxxx,1
sekolah,1
metland,1
aa7,1
alvito,1
aktifasi,1
japo,1
widhistuti,1
coh,1
ferdi,1
peyek,1
suriah,1
kontrak,1
ppc6,1
fp,1
fg,1
ellen,1
shinta,1
basreg,1
dyas,1
kanggo,1
rinanti,1
kiyowo,1
elbiya,1
berk,1
nomor,1
0603338,1
siplah,1
indogrosir,1
yulana,1
trainer,1
indope,1
cucimobil,1
hidrolik,1
subuhdendi,1
fo,1
live,1
bebeb,1
creamer,1
mahmud,1
nice,1
s70,1
wh,1
steph,1
handil,1
brebes,1
periapikal,1
tommy,1
tpj,1
embos,1
lisensi,1
syariah,1
panggang,1
ola,1
job,1
sarana,1
sarengat,1
600gr,1
bes,1
soragan,1
cinangka,1
sokaraja,1
pndh,1
tenri,1
istianah,1
mimi,1
khatib,1
28523,1
oishi,1
inv,1
hufron,1
tonny,1
5pcs,1
besi,1
milania,1
velg,1
shpe,1
ponakan,1
pppu,1
tauhid,1
nb2,1
haikal,1
parung,1
gilang,1
affi4,1
jan2,1
maysaroh,1
sakeena,1
securty,1
verde,1
bh3,1
santan,1
byp,1
pasir,1
che,1
propolis,1
dipagi,1
nampan,1
mangud,1
rspw,1
komuba,1
kasum,1
adila,1
rin,1
mahira,1
retn,1
dodi,1
19vd,1
cms,1
rol,1
aiis,1
sunatan,1
listing,1
v4,1
wajib,1
varra,1
gusta,1
hni,1
endek,1
388,1
32298,1
meruya,1
2souvenir,1
dpt,1
mad,1
haris,1
lp,1
gapit,1
sukur,1
moko,1
minicroffle,1
gantiin,1
delvhira,1
trajenta,1
ja,1
quiline,1
asep,1
adrina,1
cornelia,1
tks,1
patunganrenovrumah,1
aslam,1
bonusrgpclosinggtr,1
puteh,1
imran,1
taufi,1
4jt,1
msi,1
cepi,1
noviar,1
kartika,1
kadzim,1
bin,1
ovb,1
pasteur,1
uii,1
mawed,1
eppy,1
edi,1
31jansd5feb,1
a2525d,1
auni,1
piatu,1
suntik,1
bakmi,1
ryu,1
199,1
mango,1
ans,1
alya,1
alchambali,1
elektro,1
p1,1
ahsan,1
petani,1
mar21sdmei22nthr,1
riska,1
perdiem,1
rhb,1
tele,1
bagir,1
teros,1
rikha,1
dimitri,1
kas200,1
bensin120rb,1
februari2022,1
ngab,1
1b,1
jajjan,1
pjk,1
mkt,1
tarita,1
anakyatimrwamaliah,1
incu,1
aruljaya,1
akbarcell,1
accesori,1
strl,1
carst,1
bai,1
jaih,1
madin,1
jariyah,1
gkm,1
cgl,1
d21,1
mubarak,1
arisanqiarakidshop,1
fatan,1
pujon,1
tadabbur,1
penceramah,1
krpk,1
arctic,1
monkey,1
bonusan,1
15x,1
post,1
sj,1
cellmurahhh,1
mery,1
azyesher,1
dosen,1
s2,1
sofa,1
as6,1
cas,1
amrul,1
sy11,1
2803feb22,1
kndraan,1
triadhani,1
nurhayan,1
kaloka,1
sujai,1
tuk,1
brg,1
tmika,1
oki,1
rana,1
lpt,1
masjo,1
barokah,1
pagar,1
yusurippinjamuang,1
duma,1
pkr,1
majid,1
asel,1
8kg,1
forum,1
flat,1
udang,1
koreksi,1
uts,1
j,1
segari,1
101,1
house,1
thrsv2022,1
lucky,1
aldo,1
srknd,1
amalia,1
achilles,1
brv,1
33kg,1
9kg,1
de,1
hafsoh,1
kkrngn,1
047,1
luckydelt,1
purut,1
cclnrmh,1
nahli,1
sukkari,1
stiker,1
o,1
sukari,1
asuransi,1
arisanminyk,1
march,1
04,1
lela,1
odilia,1
daily,1
002,1
wbp,1
okr,1
enjoy,1
akhirat,1
rafif,1
nm,1
minoru,1
25mei22,1
fullday,1
johan,1
ftgrfr,1
humaira,1
sintan,1
suami,1
alfian,1
jannah,1
bie,1
alex,1
koki,1
dafi,1
hafecs,1
follow,1
kiriman,1
eky,1
munandar,1
duafa,1
sewu,1
uwa,1
2013,1
pinjol,1
gigih,1
mayunicell74,1
arisanjanpaeka,1
nesih,1
nurvianto,1
hj,1
narjohan,1
lavender,1
desiyana,1
hambali,1
tanda,1
champ,1
leni,1
vnl,1
earlangga,1
juz,1
amma,1
nas,1
forklif,1
lindu,1
baron,1
bayarnontonfilm,1
bimo,1
p6,1
700,1
mpd,1
osie,1
macbook,1
eded,1
39,1
pindahan,1
giat,1
mbadila,1
spotify,1
esti,1
balik,1
as,1
salaam,1
ptr,1
hidup,1
daffam,1
faruk,1
smh,1
negara,1
qorni,1
gerakaninfaqberas,1
2020,1
sc392,1
cilukba,1
asuha,1
modul,1
jingga,1
1221,1
jet,1
nando,1
faktur,1
ashani,1
ppk,1
babe,1
fatech,1
mala,1
oqi,1
gram,1
bth,1
foot,1
wear,1
sirup,1
aparkos,1
titian,1
arisanoil4,1
ajari,1
kudus,1
rbu,1
shampo,1
adik,1
lipi,1
supri,1
rtm,1
blnja,1
gofod,1
gel,1
trsyang,1
deer,1
dw,1
lantai,1
mhc,1
sl,1
cecilion,1
apartemen,1
sales,1
gendhis,1
harma,1
pajek,1
syahrul,1
07,1
raisa,1
disiplin,1
biar,1
ga,1
sakit,1
lauk,1
kunti,1
angkata,1
d9,1
sertifikasi,1
5n,1
pondok,1
jum,1
bian,1
aldaf,1
iyam,1
laptop2,1
invoice,1
boru,1
19feb,1
gd,1
mojolaban,1
mantap,1
sihono,1
raharjo,1
modrator,1
upb,1
ym,1
55,1
desya,1
abu,1
rumahjajanrakata,1
c9,1
angga,1
camilla,1
periksa,1
danny,1
64x55500,1
yudistira,1
anisa,1
mgandri,1
kenek,1
puput,1
aldhira,1
balqis,1
suryanto,1
180,1
vani,1
jm,1
operasiona,1
ateng,1
balyan,1
perpanjang,1
famous,1
8696,1
sedakah,1
d22,1
kursi,1
cimb,1
alami,1
rasti,1
dep,1
rawat,1
inap,1
oni,1
polis,1
1710075740,1
sem,1
etnl,1
biru,1
muhamadilmi,1
satpa,1
karbol,1
bambu,1
120322,1
glodok,1
praktek,1
ssg,1
feejanuari,1
pioneer,1
myk,1
th04,1
1903,1
ardut,1
ichiban,1
seafoo,1
ken,1
elvira,1
alba,1
jatah,1
medical,1
resti,1
bnsin,1
gr,1
itang,1
gnj,1
rena,1
fadhila,1
pemenang,1
reshwa,1
5jiwa,1
rusiha,1
tjondro,1
shita,1
7098,1
katsu,1
riyana,1
ag28,1
cts,1
gak,1
mok,1
rbs,1
fia,1
vivo,1
y21,1
yugos,1
bar,1
anam,1
rmhyatimbahagia,1
ke12,1
gmi,1
c114,1
aira,1
d3,1
ety,1
fauzan,1
9472,1
ungkep,1
titipzakatfitrah,1
antigen,1
avanza,1
esterida,1
10778,1
02124450,1
umum,1
infaqkpompongintam,1
gjimei,1
liburangant,1
ep,1
band,1
aneka,1
kaleng,1
eijaz,1
resto,1
speedy,1
baksos,1
sqi,1
smp,1
obgin,1
lila,1
yk40,1
khoiro,1
nde,1
grab,1
slsb,1
rt1,1
baby,1
rendy,1
makeup,1
nitipyatimdribu,1
mide,1
alhijrah,1
didik,1
reza,1
jan21,1
pmb,1
teras,1
hepi,1
satu,1
abad,1
1lt,1
dessbox,1
liya,1
mahfudz,1
tamb,1
pg1,1
pur,1
tpi,1
ihwan,1
apit,1
sundesign,1
january,1
jualan,1
brsma,1
dk,1
aldi,1
deden,1
hariono,1
blj,1
amut,1
celana,1
btpn,1
kwh,1
nanta,1
bbyd,1
putih,1
onlen,1
sendhy,1
50x3,1
fn,1
ke13,1
kavb05,1
sunter,1
bimapulsa,1
kltn,1
jual,1
tokosaro,1
ca,1
robby,1
eha,1
upn,1
ikbi,1
g11,1
kolong,1
duri,1
lenya,1
sim,1
basic,1
lapangan,1
hd,1
serundeng,1
tumini,1
luken,1
asin,1
h2,1
tobing,1
kbb,1
hartati,1
rotipengilon,1
duckprince,1
g6,1
pranadepok,1
yiha,1
proporsio,1
matrial,1
yyg,1
ariq,1
rinaldi3,1
zain,1
juarmi,1
bhl,1
gh,1
elly,1
fitr,1
opname,1
materi,1
cobek,1
ufi,1
oswita,1
dhiva,1
do,1
saufika,1
isfa,1
btg,1
uthi,1
blanjo,1
kmpg,1
ipon,1
kaca,1
hino,1
dda,1
75,1
mansy,1
barli,1
kebon,1
pintar,1
tahlil,1
atap,1
jgja,1
tsabita,1
bhre,1
bakcang,1
svl,1
cashbackmobilindo,1
kppsingosari,1
agit,1
komisijan22,1
pembersih,1
ricebowl,1
rjc,1
brawijaya,1
97,1
pi2,1
cling,1
vis,1
king,1
lusin,1
18rb,1
24rb,1
isaurashahia,1
21042022,1
yatem,1
cnr,1
pharmacare,1
rafqi,1
ayash,1
atthar,1
swesthy,1
kosp,1
hdiah,1
dzaky,1
270622,1
janji,1
wening,1
mainananak,1
heny,1
personal,1
tinta,1
14pc,1
beef,1
mamafiz,1
ref,1
onde,1
bngkl,1
mulyorejo,1
pras,1
masuk,1
mozaik,1
upct,1
kautsar,1
haslinda,1
kalung,1
hasni,1
bangunan,1
pajero,1
rktim,1
th41,1
fauzy,1
pakaian,1
genap,1
pks,1
rai,1
ardha,1
rattan,1
tapenas,1
utg,1
budang,1
150222,1
suherman,1
amee,1
zeal,1
siopang,1
joinreseller,1
very,1
h6,1
tot,1
mbok,1
isha,1
212,1
fida,1
bayarmotor,1
nintin,1
vip,1
arisaniuran,1
bakara,1
c32,1
palembang,1
eno,1
aplikasi,1
tviparisanbyaraven,1
zunay,1
l1781km,1
udah,1
yeay,1
lumpia,1
itqon,1
haria,1
mi,1
einar,1
shop,1
alicia,1
finy,1
daniel,1
pangga,1
aristia,1
laos,1
messi,1
tambun,1
toto,1
vksin,1
rln,1
andya,1
karina,1
tagh,1
danus,1
4c,1
milad,1
vievi,1
uht,1
24pcs,1
1500,1
sedekahmh,1
giska,1
30764,1
evasion,1
aim,1
margo,1
2400,1
yamprek,1
110,1
ice,1
jr,1
idola,1
kamu,1
m01,1
091,1
psg,1
balikan,1
kukusan,1
astax,1
jayanti,1
tt,1
bvira,1
sapta,1
ngembaliin,1
atm,1
maul,1
mtp,1
taawun,1
juanita,1
kondisional,1
calmic,1
qiyas,1
cicila,1
tebet,1
plastik,1
klg,1
sppfebdhabitahqoni,1
faradila,1
muktar,1
bronze,1
icah,1
inan,1
6pc,1
tulungagung,1
nicen,1
tencu,1
pemanas,1
kotok,1
stiu,1
prof,1
bhisma,1
cicilanrmhmetro,1
kart,1
griyabayar,1
gajiapr,1
oye,1
buggy,1
flow,1
padi,1
gs,1
hanfa,1
wellmi,1
latif,1
makdalena,1
cicilia,1
ke9,1
ay,1
f17,1
muangk,1
juna,1
irba,1
ninda,1
latifa,1
averroes,1
face,1
mist,1
gabti,1
sesra,1
ju,1
lzreseller,1
don,1
listri,1
rtq,1
skincar,1
hartik,1
arsyaf,1
dbs,1
banjoemas,1
tg,1
vava,1
kpr0622,1
r8xf0g01m,1
pinjamiwan,1
inggrit,1
esta,1
neneng,1
fajri,1
azm,1
hadziq,1
kelompok,1
naraya,1
thriftbyins,1
pkl,1
unjani,1
tiarbah,1
laris,1
bone,1
116,1
sutrisno,1
gbt,1
no25,1
bening,1
hena,1
nazwa,1
arsya,1
indosat,1
68,1
nada,1
mrt22,1
mayang,1
maldives,1
fazzio,1
uangarisanbulukas,1
pe,1
etol,1
pik,1
ustdh,1
diamon,1
hse,1
alwan,1
60,1
2b,1
fif,1
teguh,1
yulan,1
anggara,1
neliti,1
taqwa,1
janua,1
ca3a22,1
7c,1
odin,1
unicef,1
scv,1
ardell,1
dilla,1
ardi,1
novia,1
msh,1
anggiat,1
djamaludin,1
sirsak,1
ditania,1
wirda,1
fani,1
hasbi,1
histla,1
anton,1
1x,1
feekompengajiranta,1
warti,1
rumahinna,1
pastagigi,1
anak2,1
dag,1
badminton,1
zfacell,1
miwing,1
nhp,1
gresia,1
minus,1
prodemy,1
jamal,1
mr,1
juman,1
lbe,1
lbb,1
geprek,1
heri,1
4box,1
rashad,1
world,1
zakki,1
ke5,1
yopie,1
auliya,1
fk,1
uad,1
310522,1
nyepi,1
lmi,1
ismay,1
ibumbkdika,1
scar,1
kang,1
abar,1
vco,1
mapan,1
oka,1
promedika,1
c11,1
janri,1
fithri,1
islami,1
no22,1
sushi,1
tagihanplasyainet,1
4b,1
agnes,1
sholehalita,1
arthes,1
minigold,1
tangsel,1
tuker,1
survei,1
grow,1
lippie,1
salim,1
900,1
ayasha,1
10bks,1
cincin,1
local,1
bojo,1
bydin,1
8apr22,1
deby,1
terahir,1
luwes,1
tanti,1
nop,1
indef,1
mc,1
mbapid,1
tonas,1
mah,1
kodi,1
rn,1
angriany,1
wika,1
alesha,1
zakatfitrahrifaldy,1
age,1
sla,1
dapat,1
pkkrw,1
unsania,1
tugulilin,1
satriyo,1
cepu,1
konferensi,1
waterstation,1
alhur,1
syafeea,1
bioere,1
langgi,1
glowing,1
bpjsdwinjuni22,1
saviarra,1
maret2022,1
10b,1
macau,1
pamarayan,1
dhanti,1
hendra,1
1400,1
bybukber,1
nih,1
ericson,1
5gr,1
fae,1
bebep,1
julfi,1
jatim,1
kripik,1
toni,1
m25,1
frame,1
kaa,1
batik,1
jp,1
mrafi,1
eytr,1
rozzaq,1
bakpia,1
patriot,1
rekan,1
archi,1
mendes,1
meyah,1
er,1
frida,1
elisa,1
angsuran27juni22,1
kunco,1
c35,1
wos,1
sedekahberjamaahyo,1
paying,1
for,1
ultras,1
farsya,1
cipinang,1
yasmin,1
sd3,1
pdh,1
yos,1
cornell,1
golden,1
v,1
ocviar,1
wakaf2022030215117,1
10cleo,1
90menit,1
2org,1
sukro,1
aeon,1
analisis,1
tabunganmei,1
edita,1
5bh,1
logam,1
knp,1
jeruk,1
terios,1
silla,1
melan,1
udik,1
gsi,1
soleh,1
lovi,1
9a26,1
retty,1
joni,1
cc6,1
ngajar,1
rakha,1
seragam,1
kontributor,1
bismillahyatim,1
halaqah,1
bakso,1
50paket,1
agst,1
ebe,1
weleri,1
paris,1
hl,1
konsm,1
monica,1
server,1
ts,1
balada,1
deplent,1
3mei,1
arlia,1
smi,1
berobat,1
rima,1
pukel,1
supriadin,1
azisfauzi,1
7614,1
110622,1
kasbon1,1
bulek,1
rt03april,1
kavlin,1
20rb,1
fahrin,1
reog,1
moniq,1
krtu,1
adelyn,1
zuhri,1
dpw,1
pesen,1
autodebet,1
romadhon,1
saygoods,1
mandi,1
lisdawaty,1
itajaktim,1
nabunggg,1
kukus,1
refill,1
bananah,1
ibr,1
inung,1
tgs,1
white,1
aha,1
tempo,1
pakdheuuk,1
wiyono,1
sch,1
books,1
cantik,1
22mar,1
kedai,1
zahid,1
text,1
lipmatte,1
thermostat,1
kj,1
fresh,1
husna,1
kawan,1
urunan,1
18n200222,1
deka,1
celam,1
zahwa,1
13mei,1
3jt,1
rhien,1
lacoco,1
be,1
thriya,1
crossandra,1
prluasan,1
arb,1
wilda,1
newborn,1
markaz,1
dhito,1
bon2706,1
sarwono,1
kpa,1
sai,1
tf390,1
bebenah,1
bengkl,1
ranisa,1
drgelda,1
hehe,1
deviden,1
kitchen,1
afina,1
michelle,1
tdf,1
gabe,1
css,1
owner,1
th13,1
11mar,1
melania,1
bintank,1
esc,1
pandhu,1
d12,1
arisan3paket,1
gereja,1
saving,1
naurah,1
kolik,1
senja,1
fb,1
bssn,1
rheina,1
menara,1
ess,1
sendal,1
simpang,1
tokped,1
zeda,1
damayani,1
10kg,1
1367,1
ulin,1
yussi,1
atiah,1
jtr,1
maheer,1
servicelaptopdinda,1
gunung,1
raid,1
bnn,1
elies,1
indry,1
febrian,1
drmh,1
100tbg,1
pgn,1
sosis,1
etty,1
daycream,1
eks,1
nmax,1
shany,1
thrsatpamiwana230,1
div,1
co,1
learn,1
fina,1
fingerwifi,1
octa,1
juni2022,1
annissals,1
c4,1
syamsul,1
blan,1
capek2,1
maja,1
pelunsan,1
bila,1
syakir,1
mona,1
simposiyumcell,1
zakatmeisdiop,1
pekerjaan,1
ram,1
dira,1
mulyati,1
merry,1
xxl,1
mac,1
pandya,1
ix,1
normatif,1
kandie,1
rainbow,1
gizi,1
prikasi,1
rayyan,1
monthly,1
asprak,1
afifa,1
m3mar22,1
aniv,1
mmt,1
gpk,1
milkshilk,1
cici,1
daftr,1
alden,1
bulena,1
lobar,1
keep,1
rafathar,1
scurity,1
d7,1
no1,1
pesawat,1
bento,1
infaksubuhiftor,1
p22cell,1
ust2,1
belakang,1
dis,1
sdekah,1
bli,1
triplk,1
daisy,1
debby,1
altam,1
10m,1
pc,1
member,1
iyas,1
adju,1
news,1
cast,1
noor,1
abaya,1
l4642rt,1
imelda,1
dff,1
fatmawati,1
gih,1
46,1
erigo,1
iwan,1
adisti,1
ibenk,1
sedekahjumat75,1
moderator,1
pu,1
sendy,1
soklat,1
oven,1
ukhti,1
mita,1
nayaka,1
devara,1
bukti,1
faza,1
agra,1
gma,1
netflixtabungan,1
lap,1
sk,1
andreas,1
h66,1
mahada,1
arie,1
fahda,1
20042022,1
ce,1
paskah,1
ress,1
muhana,1
3april,1
detty,1
500k,1
laku,1
dfod,1
haliyati,1
cheese,1
seleksi,1
blb,1
nandang,1
pat,1
pos,1
00585796,1
liska,1
jelo,1
perbaikanrumahfifi,1
soun,1
keca,1
1510858,1
bangkit,1
kary,1
produksi,1
goodtutor,1
bilal,1
mayjunjul,1
shannon,1
rayfi,1
rafid,1
asam,1
manis,1
tambahn,1
bucin,1
mgu,1
duddy,1
asstn,1
rdtr,1
mbayar,1
freini,1
ongkr,1
3kali,1
afiya,1
store,1
pit,1
sticol,1
313,1
akulku,1
ermallah,1
sakena,1
kopkar,1
taun,1
jofelyn,1
qurbanfelixearetab,1
maulidina,1
kaula,1
p8,1
ran,1
puls,1
juragan,1
baku,1
saku,1
ayub,1
sherry,1
pelangi,1
miah,1
pom,1
erli,1
liwe,1
totalan,1
bws,1
11052022,1
dawis,1
colibri,1
bidan,1
juara,1
pecellelekue,1
putaran,1
ifnouk,1
konstruk,1
uru,1
tulisan,1
mjs,1
jbb,1
majlis,1
it,1
enrichment,1
c719,1
linggar,1
3sore,1
naura,1
jilid,1
dhea,1
akung,1
atia,1
putut,1
firly,1
rmg,1
annawebinar5maret,1
tante,1
shay,1
biyu,1
diyu,1
nindi,1
dojang,1
aorta,1
analog,1
202112,1
a2,1
24mei,1
kianzacell,1
parsel,1
dera,1
tiar,1
itunes,1
sdi,1
mei2,1
pulsaku,1
roi,1
book,1
tegal,1
sima,1
priscila,1
kuisioner,1
tukaran,1
sapka,1
chendy,1
341,1
menoreh,1
arisandvitawijynti,1
galek,1
pogung,1
youngky,1
olip,1
bisa,1
nathanael,1
nara,1
doorprise,1
ikiobulanan,1
cemilan,1
steril,1
optiknusa,1
b15,1
ancol,1
dehan,1
tijaro,1
nadhy,1
lb5,1
pro,1
bd,1
titis,1
bita,1
ike,1
thun,1
pecahan,1
khiara,1
kostaf,1
titi,1
haryati,1
redblack,1
bntuan,1
sorento,1
hidayat,1
kegiatan,1
ikhsan,1
club,1
suzi,1
dhuha,1
170322,1
ketiga,1
angsuran3,1
cirebon,1
chairunnisa,1
a22,1
mercon,1
ikey,1
pododadi,1
mim,1
macb,1
kp,1
honormpd,1
marmei22,1
iki,1
witri,1
jamkur,1
pengajian,1
besto,1
a9,1
jojo,1
nmr,1
bbls,1
widayat,1
july,1
bersih,1
umbu,1
arifin,1
v3,1
b408,1
shanum,1
ww,1
whipping,1
rugi,1
veloz,1
krah,1
jerse,1
nws,1
kintn,1
4mentikwangiana,1
shoniq,1
shod,1
widia,1
juni20018,1
waqafquraniqro,1
meccacell,1
tina,1
asuh,1
manten,1
aqeela,1
mido,1
piutseger,1
bm,1
bipi,1
rahayu,1
sepen,1
pulsaaaaaa,1
bund,1
absensi,1
iza,1
bunciz,1
september,1
jaaa,1
mawar,1
giveaway,1
3pcs,1
bizz,1
hanin,1
khaki,1
alana,1
bimbul,1
bendul,1
pum,1
rotio,1
trimurti,1
oktavia,1
dsb,1
arisandamabuverry,1
nakal,1
yyh,1
boenda,1
mndor,1
masrifah,1
banguntapan,1
gerakan,1
titto,1
hayah,1
mixer,1
gundudd,1
akang,1
bayarcicilan,1
rent,1
20k,1
9801,1
sisabayar,1
gajimei,1
arka,1
aron,1
lumispa,1
hasby,1
berli,1
gufita,1
dsbnya,1
vaio,1
galang,1
bkt,1
setrika,1
uap,1
dyh,1
wasirah,1
pencairan,1
rikah,1
sufiz,1
42661,1
mjokerto,1
bal,1
hijau,1
usa,1
infaqgan,1
tb,1
halal,1
bihalal,1
nizam,1
ngikan,1
aswin,1
terigu,1
mideer,1
eliya,1
c178,1
perkedel,1
jgn,1
diabisin,1
bentocake,1
h30,1
ptpt,1
4x,1
palestine,1
maretapril,1
77513020,1
sawah,1
fee5,1
hervent,1
franny,1
rokokbpk,1
afia,1
pajak2,1
a8,1
gt,1
bya,1
bikin,1
ferry,1
april22n,1
nanang,1
isil,1
break,1
efi,1
ss,1
olil,1
rubi,1
sop,1
1200,1
yanto,1
arisann,1
twp,1
kampung,1
anindya,1
nadnad,1
pendapatan,1
16mar,1
15apr,1
ulan,1
bengkel,1
thrnenekbuatpasha,1
week,1
cbr150r,1
agne,1
hilideo,1
mmzk,1
harbi,1
shafeeya,1
nasution,1
ncp,1
private,1
covid,1
25jt,1
atika,1
l6,1
mbot,1
jefry,1
pelunasankost,1
utangibueputri,1
ocbc,1
rakeyan,1
fakhirah,1
umpet,1
cio,1
trvl,1
10sak,1
seserahan,1
tsaqif,1
mata,1
jbk,1
jinggo,1
gedung,1
elvi,1
aussiecoursefeefeb,1
suluk,1
fithria,1
r10,1
fatoni,1
260222,1
ride,1
daniar,1
bumil,1
arisan4,1
fadila,1
sadya,1
nisya,1
tm,1
dms,1
muka,1
coffeehouse,1
momo,1
ciciln,1
nkk22989,1
myroyalqueen,1
pmbyran,1
tenda,1
aman,1
prime,1
marmer,1
gade,1
9531,1
78,1
nunik,1
thrgilangdanadek,1
4hr,1
sevice,1
nak,1
tester,1
vira,1
alda,1
pbh,1
proll,1
oper,1
ri,1
tatik,1
j3,1
juju,1
cushion,1
mlm,1
yazdi,1
drppa,1
project,1
vakhadirsptpajak21,1
filly,1
anakyatim,1
yolanda,1
ajen,1
bay,1
servicefeeovertime,1
srintil,1
ev14,1
piramid,1
nofi,1
mess,1
sppatikah11,1
aurel8,1
42,1
giri,1
250rb,1
bambang,1
muhidin,1
toga,1
tondano,1
cifa,1
fery,1
ether,1
olya,1
rahmawaty1,1
listrk,1
tlp,1
prince,1
jilbab,1
jaka,1
dhew,1
homeinvest,1
drbunda,1
yaro,1
enny,1
tambhn,1
talangn,1
bgm,1
rudin,1
sunbagar,1
plns,1
silvi,1
suyatno,1
dlh,1
55box,1
rb,1
phr,1
nurasovenir,1
ipk,1
naomi,1
sunpriade,1
ecek,1
bk,1
spaceteam,1
proximal,1
jessica,1
ide,1
rolling,1
butun,1
mina,1
makron,1
ilmira,1
tempat,1
desmar,1
scoopy,1
persen,1
fadel,1
dmru,1
csis,1
woro,1
prog,1
pasta,1
wuccy,1
kutul,1
abs,1
heru,1
akrilik,1
rajakuota,1
kond,1
kado,1
batuk,1
lina,1
9org,1
f7,1
seger,1
ummu,1
ke33,1
fadil,1
karsa,1
perdan,1
mbs,1
psantren,1
bulananithr,1
ac7,1
uob,1
sr12,1
mislina,1
cntury,1
procil,1
salimah,1
gsa,1
reimbursetransport,1
hadi,1
byrkntrkn,1
muraia12,1
suradita,1
ke14,1
aul,1
16pc,1
53,1
grnt,1
akulaku,1
gc,1
bukberan,1
shabrina,1
filtrip,1
ais,1
raffa,1
med,1
spv,1
khonsa,1
nauraa,1
superind,1
aisy,1
mamih,1
dessy,1
ozim,1
cilebut,1
moi,1
l10,1
rayi,1
toripah,1
geneva,1
leadership,1
vinky,1
lili,1
insentif,1
bt,1
manajemen,1
jiwo,1
irel,1
narti,1
escudo,1
parent,1
pmpek,1
amal,1
askar,1
ruth,1
rt09,1
musibah,1
brj,1
7b1,1
fat,1
tony,1
astastrada,1
hdk,1
arisankay,1
cetakan,1
maksimal,1
mokaku,1
kulkas,1
melsy,1
bor,1
fafawawa,1
donasidakwah,1
alifatul,1
arista,1
payment,1
utilities,1
parcell,1
pcr,1
wiwik,1
wina,1
pb,1
b3,1
ibuuuuuuk,1
oshinta,1
alamanda,1
redvelvet,1
rhynia,1
dado,1
ririn,1
ghita,1
all,1
rairai,1
iva,1
shohwah,1
marga,1
rivia,1
rizdan,1
dpy,1
zian,1
aqiqah,1
ajar,1
respati,1
dadakan,1
justmine,1
can,1
honordes,1
pulsajan,1
nin,1
sjh,1
210522,1
wcd,1
citi,1
codex,1
pamela,1
ashalina,1
tpp,1
limb,1
eyang,1
vidya,1
khatam,1
mgv,1
fiki,1
shoopee,1
a130,1
imas,1
dgunung,1
jidah,1
amily,1
130222,1
decky,1
printer,1
pan,1
lova,1
pbs,1
bindes,1
arda,1
sb,1
fathia,1
sbd,1
wulandari,1
ariska,1
berkahbox,1
04w1,1
chino,1
cargo,1
akhmad,1
fahrudin,1
halo,1
polo,1
eventmds,1
23jan,1
latihan,1
bonceng,1
irwan,1
bms,1
purwanto,1
chandra,1
lanang,1
gandum,1
plstn,1
mpek,1
20prsngajipnsjan22,1
rosa,1
banjir,1
munikah,1
asus,1
azizi,1
bude,1
annisay,1
bigreds,1
fa,1
eneng,1
n24,1
sara,1
sanur,1
astrid,1
bmh,1
tosin,1
maniva,1
tm21,1
tray,1
rabbani,1
bayaran,1
emil,1
abe,1
cashbone,1
1april,1
rjmalkesintimedika,1
tabungers,1
novel,1
faiqa,1
bagor,1
blnn,1
sumir,1
hmns,1
perumahan,1
keripik,1
arga,1
hanun,1
qothrunnada,1
balita,1
im,1
sherl,1
tnd,1
sewarumah,1
sutimah,1
noz,1
facil,1
momita,1
lmr,1
firsta,1
g3,1
infoseminaronline,1
19feb22,1
prastiwi,1
konv,1
cyila,1
ipal,1
bahasa,1
49,1
febri,1
hydro,1
ncus,1
sorek,1
copy,1
h1213,1
rohmah,1
idam,1
nycl,1
3tsd,1
dancicilan600,1
17a1,1
d1,1
pemateri,1
sys,1
victor,1
ikp,1
pstik,1
herlin,1
infaksedekah,1
arkan,1
mini,1
ovy,1
diana,1
riki,1
kimia,1
harisanti,1
hilmi,1
nurhayati,1
firdya,1
puca,1
riva,1
danti,1
sirega,1
fillah,1
zata,1
venny,1
emstax,1
ty,1
khaira,1
ambara,1
kpri,1
salwa,1
crb,1
sahda,1
kali,1
ambu,1
e1,1
no3,1
kebun,1
noni,1
kl,1
lasagna,1
pusdima,1
lpjan,1
luar,1
182,1
resp,1
utama,1
g5,1
sumpiuh,1
puji,1
pulsaaaaaaak,1
gen,1
dd1820uc,1
induk,1
wanda,1
yossi,1
marsha,1
ha,1
panjar,1
ongkosrumah,1
kasbonijalmei2022,1
klaim,1
vct,1
leny,1
course,1
glisodi,1
maudy,1
ketukberkah,1
arini,1
risnawati,1
dalila,1
cibik,1
simbok,1
arabica,1
nongsky,1
mio,1
iir,1
oom,1
xtk,1
gift,1
lik,1
dul,1
bima,1
gajibititin,1
qa,1
rinto,1
150,1
ngge,1
baraka,1
pep,1
jujuk,1
juice,1
arsyad,1
rumahkampus,1
zuu,1
lemarimobilhormon,1
2pcsaia,1
kcg,1
ong,1
mursalim,1
nepak,1
ferrya,1
4d4eb,1
mmc,1
4feb,1
nusamba,1
opr,1
rawit,1
zaini,1
trimo,1
peserta,1
wiper,1
prastuti,1
didi,1
hafeeza,1
a1611,1
122,1
farras,1
alfal,1
rancabungur2,1
zhariif,1
arizona,1
yuhhuu,1
cecep,1
nurjaman,1
pembeli,1
fisio,1
amplop,1
mtm,1
eacell,1
kila,1
lailatul,1
niswah,1
lanny,1
momotaro,1
haura,1
artcamp,1
kumis,1
syeik,1
yaya,1
gina,1
february,1
armando,1
sisca,1
setora,1
1300,1
sita,1
toyobo,1
jun22,1
ninja,1
ekanita,1
low,1
karbo,1
tin,1
edo,1
sauqi,1
sutil,1
wtugu2,1
ace,1
ckrg,1
bili,1
kenny,1
cijeruk,1
aflah,1
adwa,1
lumayan,1
tehaer,1
0422,1
blitz,1
audio,1
minoem,1
pribadi,1
7122,1
marketer,1
sesekah,1
tagihn,1
tabsis,1
naur,1
santunananakyatim,1
kaz,1
latifah,1
fktp,1
dirganta,1
fillet,1
paha,1
tonie,1
asinan,1
ayunan,1
kredito,1
visi,1
terkahir,1
decemberthr,1
asna,1
yakult,1
japong,1
40,1
allawi,1
21mei,1
ke15,1
ysf,1
backup,1
tkg,1
azz,1
ecu,1
asmah,1
blk3,1
lekker,1
kenan,1
noval,1
pju,1
gloww,1
bukopinet,1
anie,1
atiek,1
koinworks,1
wallpapper,1
bh,1
bakir,1
depi,1
pendidika,1
5kerjakomisi,1
dadang,1
sudra,1
expenses,1
oil,1
wisudatkb,1
jafra,1
jawa,1
rustam,1
pelunasankontrakan,1
gm,1
yovi,1
orton,1
revi,1
nabungwoy,1
mancloth,1
atin,1
kasbonan,1
9april,1
cm,1
dawi,1
zulham,1
tr,1
tudungsaji,1
kesehatan,1
renanda,1
dentalogue,1
bentala,1
rumpun,1
perawat,1
pohon,1
ksk,1
mapan6,1
050122,1
bordi,1
pantyliner,1
bersihin,1
tedhy,1
beby,1
kemeja,1
rum,1
lagiii,1
puspita,1
danaubiru,1
selinda,1
fc,1
ddtk,1
lbh,1
gajianya,1
plunasan,1
sewamobil,1
ugie,1
letkolarunika,1
cob,1
busi,1
m3,1
msjd,1
anan,1
deen,1
yuda,1
tambah2,1
isma,1
jl,1
hankam,1
fss,1
talita,1
tepian,1
wahyudi,1
arisankue,1
fuji,1
ternakinvest,1
fhalza,1
juan,1
gabus,1
microcosmos,1
azizatul,1
q,1
usfah,1
5ribu,1
aja,1
feenya,1
anthravet,1
50botol,1
nazhiga,1
tanduk,1
vikki,1
panel,1
kezia,1
sedekh,1
muslim,1
pinja,1
nofiana,1
lito,1
koper,1
bringin,1
najwa,1
wit,1
banyak,1
azril,1
aprl,1
amink,1
ankut,1
kmar,1
atas,1
obby,1
ilona,1
330ml,1
event,1
kuycamp,1
kesamben,1
osa,1
toples,1
strategi6,1
blokl22,1
menantu,1
wmd,1
tgl19,1
balaghul,1
ypia,1
yunfit,1
evan,1
halimatus,1
samarinda,1
fajrin,1
dileona,1
gurih,1
yerry,1
narator,1
2video,1
cis,1
honorarium,1
lubbi,1
novalia,1
kuedan,1
tissa,1
kebrshn,1
gama,1
hamdi,1
juwita,1
senn,1
g12,1
cab,1
pagentan,1
maltofer,1
aym,1
25box,1
distributor,1
hamster,1
lptq,1
hn,1
a57,1
origina,1
pds,1
juga,1
nct,1
kdab8772,1
arisanultimo,1
block,1
arisanmsglow,1
6june22,1
duike,1
sheva,1
gloria,1
laz,1
fabil,1
dung2,1
bismillaah,1
8a,1
kafan,1
btl,1
herf,1
mks,1
vandi,1
basri,1
anita,1
cdd20mar,1
donasirdk,1
56985,1
bci,1
llng,1
syaiful,1
blnfeb22,1
nik,1
ekschool,1
cs,1
danish,1
pisew,1
fl,1
pbb,1
bpl,1
acne,1
tokorazawa,1
talanganinsentif,1
osce,1
vmk,1
partime,1
6000,1
double,1
pantri,1
sbm,1
louis,1
collacell,1
lontong,1
past,1
ipit,1
tutu,1
35,1
fatim,1
farm,1
fella,1
nabungjan22,1
yashmi,1
tani,1
120222,1
prada,1
rahmawati,1
ganjil,1
samal,1
arthama,1
marhalim,1
ubj,1
ruma,1
pgr,1
perahu,1
kih,1
samwa,1
pembicarapkm,1
athia,1
greget,1
brangkat,1
mdm,1
linking,1
jamu,1
hamansah,1
borpel,1
perki,1
prd,1
acha,1
kpb,1
vicky,1
sarimbit,1
jan2022,1
kamil,1
bertahan,1
erly,1
hastin,1
swa,1
rajaban,1
f29,1
londry,1
a5no8,1
tedi,1
adam,1
nino,1
mdn,1
simpati,1
lechy,1
ayie,1
aliya,1
fiqo,1
andra,1
vkum,1
cleanr,1
shedeqah,1
niol,1
darsono,1
b10,1
aisya,1
pbyran,1
fidyah,1
rajut,1
4pcs,1
karyawan,1
c3no8,1
dc,1
streetfeeding,1
cnv,1
w175,1
kereta,1
hairn,1
antgen,1
nuraini,1
cc389,1
mj,1
utc,1
tantebocil,1
apek,1
awliya,1
haziq,1
kambey,1
nabillatm,1
dta,1
hansen,1
wei,1
terra,1
intern,1
silver,1
wolfis,1
jelita,1
zi,1
drone,1
anih,1
fyer,1
kprjanuari22,1
tua,1
puja,1
anseia,1
abc,1
zafirah,1
davinka,1
excellent,1
bun4mei,1
mobinta,1
50kg,1
cpluk,1
radityo,1
samoja,1
petfood,1
tas5,1
kasbonblokc,1
dad,1
eguru,1
staflan,1
sulan,1
latis,1
pekan,1
himar,1
sept,1
firza,1
griya,1
pend,1
comfee,1
julisjudinroslinar,1
cahyani,1
bilistiwa,1
otakotak,1
infaqmushollafadly,1
arisanpikkbtsjun22,1
bwa,1
ras,1
icak,1
b6,1
ibubp,1
nambah,1
dedi,1
mpah,1
kembar,1
ke24,1
smart,1
ds,1
avis,1
cashflow,1
arisandi,1
syr,1
kusd,1
komisiapril22,1
mumun,1
hondra,1
siap,1
ecy,1
setengah,1
okta,1
denta,1
eta,1
sarung,1
lego,1
asli,1
laptem,1
kekey,1
diaz,1
meida,1
endar,1
ovan,1
syahid,1
bonuslembur,1
abrar,1
berib,1
v5,1
akte,1
rihlis,1
iis,1
atiqah,1
anugr,1
tahun,1
riza,1
adhaningtyas,1
ifan,1
umar,1
suparman,1
a12,1
pts,1
t3,1
btitik,1
scarlett,1
eoaclub,1
danu,1
danistriwakaf,1
output,1
narasumber,1
cabai,1
labu,1
rezki,1
rsj,1
gusti,1
uk,1
okw,1
masrur,1
xs,1
256gb,1
soji,1
ws,1
dariyapesdi,1
ngobras,1
speaker,1
jbl,1
benazier,1
gamara,1
komisirktimbytiara,1
aaji,1
himawati,1
1950,1
dori,1
thrnenektantebinda,1
muti,1
fauzi,1
pollo,1
riezki,1
lonte,1
kopda,1
hengky,1
adepita,1
hendro,1
alfarha,1
oktober,1
cjm,1
peni,1
solo,1
kampar,1
yeti,1
ot,1
ezy,1
awan,1
158grc,1
kus,1
afin,1
new200,1
safeeya,1
afi,1
wdpjun22,1
akrim,1
hervin,1
early,1
bird,1
lestari,1
humaidi,1
wahid,1
k9,1
artikel,1
asyiyam,1
f5c,1
fortuner,1
septi,1
cie,1
techak,1
bonni,1
marugame,1
firma,1
yaps,1
dafanadin,1
k3p,1
husada,1
280122,1
jiwasraya,1
yenny,1
sangjuara,1
tmbak,1
q3,1
agustus,1
edu2,1
skirtin,1
mangesti,1
extra,1
ryan,1
fatir,1
d2,1
reside,1
andrea,1
thrisiawan,1
stang,1
winner,1
anda,1
zafara,1
pustaka,1
nabaw,1
syadan,1
pie,1
dab,1
kouta,1
evarosanti,1
omoni,1
antam,1
adeste,1
kurniacell,1
faiqotul,1
4k,1
candra,1
dulu,1
fitratul,1
lasada,1
faidah,1
annas,1
mw,1
475kg,1
lcs,1
bpd,1
punya,1
nanda,1
yaser,1
sintiya,1
gp,1
ummahat,1
khitan,1
arip,1
tal,1
kntr,1
cisauk,1
warisan,1
wet,1
dhiafat,1
tsn,1
jamilah,1
herbalov,1
iftor,1
betty,1
smith,1
psm,1
alila,1
kappylaptop,1
adiks,1
rizko,1
aqila,1
runa,1
musim,1
arisanmaret22,1
bonusmeigesit,1
utin,1
215,1
atun,1
ilan,1
elvio,1
kelapa,1
mut,1
mifta,1
pakmindankasarisan,1
krgi,1
byrcuci,1
0322,1
m11,1
asyky,1
tekeng,1
apa,1
ayosehat,1
2f,1
salju,1
nano,1
ke18,1
koss,1
hirzie,1
freda,1
kodel,1
premium,1
dna,1
angsuransuprihatin,1
sistya,1
adistin,1
desmira,1
shine,1
dhiya,1
sot,1
taiwan,1
yosi,1
herly,1
abon,1
husni,1
ph2,1
handphone,1
uangp,1
sissy,1
ibra,1
ajo,1
sesilia,1
rudra,1
025,1
wasesa,1
jts,1
bdsri,1
psht,1
2004,1
dzakat,1
mbl,1
bali,1
clcp,1
hastma,1
muda,1
aerox,1
19322,1
pake,1
nurlaela,1
klbr,1
outbound,1
ilsa,1
nalakelas,1
pranikah,1
oakley,1
roni,1
lab,1
pksyaugi,1
iqra,1
geralda,1
dinisavi,1
camar,1
yodi,1
kenzo,1
evangelo,1
pptm,1
murtingah,1
hambaallah,1
hafsah,1
inda,1
metpen,1
fitriana,1
syauqi,1
ipldkk,1
arisansiti,1
sunarti,1
onit,1
luthfi,1
nifudiar,1
kaffah,1
college,1
listr,1
atlas,1
paman,1
ela,1
rembang,1
menanti,1
leman,1
enak,1
lipat,1
htg,1
jeddah,1
aura,1
tangkak2,1
dboqis,1
jurnal,1
naga,1
astera,1
uun,1
ayura,1
herza,1
evelin,1
acong,1
rma,1
fugu,1
adidas,1
juri,1
debat,1
perisai,1
keuangan,1
ziyad,1
ceper,1
obt,1
lunasfeekmrmen3mbl,1
elderita,1
kostiana,1
minuman,1
jalan2,1
plunasangbrrmhnr,1
pelok,1
arisanrt6,1
komfee,1
dlg,1
dprd,1
ocha,1
purwono,1
7maret,1
200rbu,1
sin,1
arisanayahzahran2c,1
dhiw,1
yulis,1
jcos,1
gatot,1
gjminlistriknnaga,1
filipin,1
memed,1
briliana,1
ajunda,1
sagita,1
m4c,1
bfresh,1
biyan,1
gambar,1
modif,1
creditcard,1
mining,1
crypto,1
pengembalian,1
peti,1
a21al,1
k13,1
haha,1
tutut,1
tenun,1
kendaraan,1
ua,1
ketupat,1
faulina,1
kct,1
karin,1
smakamhjcucu,1
ipah,1
som,1
hnk,1
yatimpiatu,1
wendry,1
fahri,1
warsilwaqafalquran,1
unyil3,1
tahu5,1
pdani,1
beny,1
sofia,1
re,1
ke11,1
balek,1
h9,1
sahamqu,1
madising,1
praktiku,1
nambahin,1
minie,1
ikram,1
c6,1
sta,1
ambil,1
depok,1
tile,1
naufal,1
pendftr,1
firda,1
pandu,1
yusufhadi,1
yk60,1
vera,1
f21,1
nbib,1
unit,1
marsiyah,1
laelykh2013,1
popi,1
cicilanmotor,1
fadly,1
mike,1
107,1
wid,1
wito,1
topi,1
iuranarisan,1
buanta,1
2mgg,1
gathering,1
wakafinfaq,1
tikis,1
nunuy,1
iro,1
ucan,1
zytka,1
berizi,1
fee230622,1
febuari,1
hhe,1
9x,1
kerja,1
enah,1
byanisatin,1
hera,1
iqro,1
cicilan1,1
naurahhu,1
not,1
lea,1
bdg,1
sanlat,1
tvri,1
gar,1
g03,1
sumario,1
kasn,1
goto,1
shoping,1
oto,1
preed,1
ugun,1
famira,1
eis,1
dm,1
amole,1
bebek,1
wenti,1
favorit,1
st,1
01,1
dailybag,1
io,1
jarik,1
skolah,1
zah,1
faishal,1
etanol95,1
e46,1
rd,1
09,1
litani,1
mbmp,1
kaolin,1
pengeluaran,1
mcue,1
27mei,1
sedekaharabramadan,1
roll,1
grand,1
cosmo,1
f9,1
bhs,1
arab,1
denny,1
istriku,1
syg,1
cardio,1
ikad,1
bwso,1
bdk,1
b8,1
credit,1
card,1
met,1
mutasiwakafbcaapih,1
ubc,1
pembebasan,1
lahan,1
dong,1
bs,1
labkfkpg,1
070322,1
elisha,1
menabungg,1
junii,1
isik,1
oja,1
hadiah,1
dib,1
mey,1
taufik,1
fw,1
reglo,1
trans,1
42559,1
6kli,1
elis,1
polban,1
ost,1
arisanjuni,1
iput,1
triananda,1
zakatinfaq,1
totod24,1
widy,1
anendra,1
jula,1
deny,1
jo,1
g7,1
zaza,1
dragon,1
yuma,1
hardy,1
ldf,1
hanan,1
pic,1
husen,1
lemb,1
bbk,1
498bj,1
inova,1
tkbm,1
jemmy,1
